{
  "ranker_id": "baseline_weighted",
  "version": "recommender.ranker.baseline.v1",
  "objective": "engagement",
  "feature_schema_hash": "ce234443048869888e7fe66606fe65fe3120562b423cb5eeb9bff8e5fa03a012",
  "weights": {
    "semantic_relevance": 0.28,
    "intent_alignment": 0.25,
    "performance_quality": 0.22,
    "reference_usefulness": 0.15,
    "support_confidence": 0.1
  },
  "retriever_blend_weights": {
    "lexical": 0.41666666666666663,
    "dense_text": 0.23148148148148145,
    "multimodal": 0.1851851851851852,
    "graph_dense": 0.0925925925925926,
    "trajectory_dense": 0.07407407407407407
  }
}