{
  "objective": "conversion",
  "ranker_id": "baseline_weighted",
  "ranker_version": "recommender.ranker.baseline.v1",
  "feature_schema_hash": "ce234443048869888e7fe66606fe65fe3120562b423cb5eeb9bff8e5fa03a012",
  "retriever_weight_gate": {
    "metric_key": "recall@100",
    "selected_variant": "sparse_baseline",
    "selected_weights": {
      "lexical": 1.0,
      "dense_text": 0.0,
      "multimodal": 0.0,
      "graph_dense": 0.0,
      "trajectory_dense": 0.0
    },
    "validation": {
      "learned": {
        "recall@50": 0.18990034991632437,
        "recall@100": 0.2195135402403773,
        "recall@200": 0.24385136163091434
      },
      "sparse_baseline": {
        "recall@50": 0.2003940362087327,
        "recall@100": 0.22162825193975352,
        "recall@200": 0.23755743191845424
      },
      "selected_not_worse_than_competitor": true
    },
    "test": {
      "learned": {
        "recall@50": 0.14581617400323357,
        "recall@100": 0.16181515206979652,
        "recall@200": 0.17796436960434397
      },
      "sparse_baseline": {
        "recall@50": 0.15072450504865623,
        "recall@100": 0.1613087611726305,
        "recall@200": 0.172824578261798
      },
      "selected_not_worse_than_competitor": false
    }
  },
  "retriever_ablation": {
    "metric_key": "recall@100",
    "variants": {
      "full": {
        "dropped_branches": [],
        "weights": {
          "lexical": 1.0,
          "dense_text": 0.0,
          "multimodal": 0.0,
          "graph_dense": 0.0,
          "trajectory_dense": 0.0
        },
        "metrics": {
          "recall@50": 0.175591,
          "recall@100": 0.191507,
          "recall@200": 0.205232
        },
        "delta_vs_full": {
          "recall@50": {
            "baseline": 0.175591,
            "variant": 0.175591,
            "delta": 0.0,
            "delta_pp": 0.0,
            "relative_delta_pct": 0.0
          },
          "recall@100": {
            "baseline": 0.191507,
            "variant": 0.191507,
            "delta": 0.0,
            "delta_pp": 0.0,
            "relative_delta_pct": 0.0
          },
          "recall@200": {
            "baseline": 0.205232,
            "variant": 0.205232,
            "delta": 0.0,
            "delta_pp": 0.0,
            "relative_delta_pct": 0.0
          }
        }
      },
      "no_lexical": {
        "dropped_branches": [
          "lexical"
        ],
        "weights": {
          "lexical": 0.0,
          "dense_text": 0.25,
          "multimodal": 0.25,
          "graph_dense": 0.25,
          "trajectory_dense": 0.25
        },
        "metrics": {
          "recall@50": 0.084357,
          "recall@100": 0.103324,
          "recall@200": 0.127078
        },
        "delta_vs_full": {
          "recall@50": {
            "baseline": 0.175591,
            "variant": 0.084357,
            "delta": -0.091234,
            "delta_pp": -9.123,
            "relative_delta_pct": -51.958
          },
          "recall@100": {
            "baseline": 0.191507,
            "variant": 0.103324,
            "delta": -0.088183,
            "delta_pp": -8.818,
            "relative_delta_pct": -46.047
          },
          "recall@200": {
            "baseline": 0.205232,
            "variant": 0.127078,
            "delta": -0.078154,
            "delta_pp": -7.815,
            "relative_delta_pct": -38.081
          }
        }
      },
      "no_dense_text": {
        "dropped_branches": [
          "dense_text"
        ],
        "weights": {
          "lexical": 1.0,
          "dense_text": 0.0,
          "multimodal": 0.0,
          "graph_dense": 0.0,
          "trajectory_dense": 0.0
        },
        "metrics": {
          "recall@50": 0.175591,
          "recall@100": 0.191507,
          "recall@200": 0.205232
        },
        "delta_vs_full": {
          "recall@50": {
            "baseline": 0.175591,
            "variant": 0.175591,
            "delta": 0.0,
            "delta_pp": 0.0,
            "relative_delta_pct": 0.0
          },
          "recall@100": {
            "baseline": 0.191507,
            "variant": 0.191507,
            "delta": 0.0,
            "delta_pp": 0.0,
            "relative_delta_pct": 0.0
          },
          "recall@200": {
            "baseline": 0.205232,
            "variant": 0.205232,
            "delta": 0.0,
            "delta_pp": 0.0,
            "relative_delta_pct": 0.0
          }
        }
      },
      "no_multimodal": {
        "dropped_branches": [
          "multimodal"
        ],
        "weights": {
          "lexical": 1.0,
          "dense_text": 0.0,
          "multimodal": 0.0,
          "graph_dense": 0.0,
          "trajectory_dense": 0.0
        },
        "metrics": {
          "recall@50": 0.175591,
          "recall@100": 0.191507,
          "recall@200": 0.205232
        },
        "delta_vs_full": {
          "recall@50": {
            "baseline": 0.175591,
            "variant": 0.175591,
            "delta": 0.0,
            "delta_pp": 0.0,
            "relative_delta_pct": 0.0
          },
          "recall@100": {
            "baseline": 0.191507,
            "variant": 0.191507,
            "delta": 0.0,
            "delta_pp": 0.0,
            "relative_delta_pct": 0.0
          },
          "recall@200": {
            "baseline": 0.205232,
            "variant": 0.205232,
            "delta": 0.0,
            "delta_pp": 0.0,
            "relative_delta_pct": 0.0
          }
        }
      },
      "no_graph_dense": {
        "dropped_branches": [
          "graph_dense"
        ],
        "weights": {
          "lexical": 1.0,
          "dense_text": 0.0,
          "multimodal": 0.0,
          "graph_dense": 0.0,
          "trajectory_dense": 0.0
        },
        "metrics": {
          "recall@50": 0.175591,
          "recall@100": 0.191507,
          "recall@200": 0.205232
        },
        "delta_vs_full": {
          "recall@50": {
            "baseline": 0.175591,
            "variant": 0.175591,
            "delta": 0.0,
            "delta_pp": 0.0,
            "relative_delta_pct": 0.0
          },
          "recall@100": {
            "baseline": 0.191507,
            "variant": 0.191507,
            "delta": 0.0,
            "delta_pp": 0.0,
            "relative_delta_pct": 0.0
          },
          "recall@200": {
            "baseline": 0.205232,
            "variant": 0.205232,
            "delta": 0.0,
            "delta_pp": 0.0,
            "relative_delta_pct": 0.0
          }
        }
      },
      "no_trajectory_dense": {
        "dropped_branches": [
          "trajectory_dense"
        ],
        "weights": {
          "lexical": 1.0,
          "dense_text": 0.0,
          "multimodal": 0.0,
          "graph_dense": 0.0,
          "trajectory_dense": 0.0
        },
        "metrics": {
          "recall@50": 0.175591,
          "recall@100": 0.191507,
          "recall@200": 0.205232
        },
        "delta_vs_full": {
          "recall@50": {
            "baseline": 0.175591,
            "variant": 0.175591,
            "delta": 0.0,
            "delta_pp": 0.0,
            "relative_delta_pct": 0.0
          },
          "recall@100": {
            "baseline": 0.191507,
            "variant": 0.191507,
            "delta": 0.0,
            "delta_pp": 0.0,
            "relative_delta_pct": 0.0
          },
          "recall@200": {
            "baseline": 0.205232,
            "variant": 0.205232,
            "delta": 0.0,
            "delta_pp": 0.0,
            "relative_delta_pct": 0.0
          }
        }
      }
    },
    "branch_importance": [
      {
        "branch": "lexical",
        "recall@100_delta_without_branch": -0.088183
      },
      {
        "branch": "dense_text",
        "recall@100_delta_without_branch": 0.0
      },
      {
        "branch": "multimodal",
        "recall@100_delta_without_branch": 0.0
      },
      {
        "branch": "graph_dense",